id,first_name,last_name,email,ip_address
1,Koralle,Ganning,kganning0@soundcloud.com,201.54.159.99
2,Roberta,Thyer,rthyer1@economist.com,209.113.202.117
3,Aldon,Garken,agarken2@admin.ch,45.141.93.214
4,Rudolph,Mathewes,rpoints3@dyndns.org,116.177.152.155
5,Aldric,Sopp,asopp4@tinyurl.com,244.92.188.145
6,Renaldo,Nelane,rnelane5@google.com.br,55.200.132.58
7,Jannelle,Rosebotham,jrosebotham6@hatena.ne.jp,225.139.72.77
8,Esmeralda,Mathewes,efawlkes7@merriam-webster.com,53.182.233.25
9,Bessie,Pyner,bpyner8@cmu.edu,9.207.57.178
19,Pierce,Mathewes,pvaisey9@tinypic.com,242.40.106.103
19,Pierce,Mathewes,pvaisey9@tinypic.com,242.40.106.321